2020-03-18T11:52:12Z 1,Felices 88
2020-06-04T00:00:00Z,#FelizJueves
2020-06-04T00:00:00Z,#FelizJueves
2020-06-04T00:00:00Z,#FelizJueves
2020-06-04T00:00:00Z,#FelizJueves
2020-06-04T00:00:00Z,#FelizJueves
2020-06-04T00:00:00Z,#FelizJueves
2020-06-05T00:00:00Z,#FelizFinde
2020-06-05T00:00:00Z,#FelizFinde
2020-06-05T00:00:00Z,#FelizFinde
2020-06-05T00:00:00Z,#FelizFinde
2020-06-05T00:00:00Z,#FelizFinde
2020-06-05T00:00:00Z,#FelizFinde
2020-06-06T00:00:00Z,#FelizFinde
2020-06-06T00:00:00Z,#FelizSábado
2020-06-06T00:00:00Z,#FelizSábado
2020-06-06T00:00:00Z,#FelizSábado
2020-06-06T00:00:00Z,#FelizSábado
2020-06-06T00:00:00Z,#FelizSábado
2020-06-06T00:00:00Z,#FelizSábado
2020-06-06T00:00:00Z,#FelizSábado
2020-06-07T00:00:00Z,#FelizSábado
2020-06-07T00:00:00Z,#FelizFinde
2020-06-07T00:00:00Z,#FelizDomingo
2020-06-07T00:00:00Z,#FelizDomingo
2020-06-07T00:00:00Z,#FelizDomingo
2020-06-07T00:00:00Z,#FelizDomingo
2020-06-07T00:00:00Z,#FelizDomingo
2020-06-07T00:00:00Z,#FelizDomingo
2020-06-07T00:00:00Z,#FelizDomingo
2020-06-07T00:00:00Z,#FelizDomingo
2020-06-08T00:00:00Z,#FelizLunes
2020-06-08T00:00:00Z,#FelizLunes
2020-06-08T00:00:00Z,#FelizLunes
2020-06-08T00:00:00Z,#FelizLunes
2020-06-09T00:00:00Z,#FelizLunes
2020-06-09T00:00:00Z,#FelizMartes
2020-06-09T00:00:00Z,#FelizMartes
2020-06-09T00:00:00Z,#FelizMartes
2020-06-09T00:00:00Z,#FelizMartes
2020-06-09T00:00:00Z,#FelizMartes
2020-06-09T00:00:00Z,#FelizMartes
2020-06-09T00:00:00Z,#FelizMartes
2020-06-10T00:00:00Z,#FelizMiércoles
2020-06-10T00:00:00Z,#FelizMiércoles
2020-06-10T00:00:00Z,#FelizMiércoles
2020-06-10T00:00:00Z,#FelizMiércoles
2020-06-10T00:00:00Z,#FelizMiércoles
2020-06-10T00:00:00Z,#FelizMiércoles
2020-06-10T00:00:00Z,#FelizMiércoles
2020-06-11T00:00:00Z,#FelizJueves
2020-06-11T00:00:00Z,#FelizJueves
2020-06-11T00:00:00Z,#FelizJueves
2020-06-11T00:00:00Z,#FelizJueves
2020-06-11T00:00:00Z,#FelizJueves
2020-06-11T00:00:00Z,#FelizJueves
2020-06-12T00:00:00Z,#FelizViernes
2020-06-12T00:00:00Z,#FelizFinde
2020-06-12T00:00:00Z,#FelizFinde
2020-06-12T00:00:00Z,#FelizFinde
2020-06-12T00:00:00Z,#FelizFinde
2020-06-12T00:00:00Z,#FelizFinde
2020-06-13T00:00:00Z,#FelizSábado
2020-06-13T00:00:00Z,#FelizSábado
2020-06-13T00:00:00Z,#FelizSábado
2020-06-13T00:00:00Z,#FelizSábado
2020-06-13T00:00:00Z,#FelizSábado
2020-06-13T00:00:00Z,#FelizSábado
2020-06-13T00:00:00Z,#FelizSábado
2020-06-13T00:00:00Z,#FelizSábado
2020-06-14T00:00:00Z,#FelizSábado
2020-06-14T00:00:00Z,#FelizDomingo
2020-06-14T00:00:00Z,#FelizDomingo
2020-06-14T00:00:00Z,#FelizDomingo
2020-06-14T00:00:00Z,#FelizDomingo
2020-06-14T00:00:00Z,#FelizDomingo
2020-06-14T00:00:00Z,#FelizDomingo
2020-06-15T00:00:00Z,#FelizDomingo
2020-06-15T00:00:00Z,#FelizLunes
2020-06-15T00:00:00Z,#FelizLunes
2020-06-15T00:00:00Z,#FelizLunes
2020-06-15T00:00:00Z,#FelizLunes
2020-06-15T00:00:00Z,#FelizLunes
2020-06-15T00:00:00Z,#FelizLunes
2020-06-16T00:00:00Z,#FelizMartes
2020-06-16T00:00:00Z,#FelizMartes
2020-06-16T00:00:00Z,#FelizMartes
2020-06-17T00:00:00Z,#FelizMartes
2020-06-17T00:00:00Z,#FelizMiércoles
2020-06-17T00:00:00Z,#FelizMiércoles
2020-06-17T00:00:00Z,#FelizMiércoles
2020-06-17T00:00:00Z,#FelizMiércoles
2020-06-17T00:00:00Z,#FelizMiércoles
2020-06-18T00:00:00Z,#FelizJueves
2020-06-18T00:00:00Z,#FelizJueves
2020-06-18T00:00:00Z,#FelizMiércoles
2020-06-18T00:00:00Z,#FelizMiércoles
2020-06-18T00:00:00Z,#FelizMiércoles
2020-06-18T00:00:00Z,#FelizJueves
2020-06-19T00:00:00Z,#FelizFinde
2020-06-19T00:00:00Z,#FelizFinde
2020-06-19T00:00:00Z,#FelizFinde
2020-06-19T00:00:00Z,#FelizFinde
2020-06-19T00:00:00Z,#FelizFinde
2020-06-19T00:00:00Z,#FelizViernes
2020-06-19T00:00:00Z,#FelizFinde
2020-06-20T00:00:00Z,#FelizSábado
2020-06-20T00:00:00Z,#FelizSábado
2020-06-20T00:00:00Z,#FelizSábado
2020-06-20T00:00:00Z,#FelizSábado
2020-06-20T00:00:00Z,#FelizSábado
2020-06-20T00:00:00Z,#FelizSábado
2020-06-21T00:00:00Z,#FelizDomingo
2020-06-21T00:00:00Z,#FelizDomingo
2020-06-21T00:00:00Z,#FelizDomingo
2020-06-21T00:00:00Z,#FelizDomingo
2020-06-21T00:00:00Z,#FelizDomingo
2020-06-22T00:00:00Z,#FelizDomingo
2020-06-22T00:00:00Z,#FelizDomingo
2020-06-22T00:00:00Z,#FelizLunes
2020-06-22T00:00:00Z,#FelizDomingo
2020-06-22T00:00:00Z,#FelizLunes
2020-06-22T00:00:00Z,#FelizLunes
2020-06-22T00:00:00Z,#FelizLunes
2020-06-23T00:00:00Z,#FelizLunes
2020-06-23T00:00:00Z,#FelizLunes
2020-06-23T00:00:00Z,#FelizLunes
2020-06-23T00:00:00Z,#FelizLunes
2020-06-23T00:00:00Z,#FelizMartes
2020-06-23T00:00:00Z,#FelizMartes
2020-06-23T00:00:00Z,#FelizMartes
2020-06-24T00:00:00Z,#FelizMartes
2020-06-24T00:00:00Z,#FelizMiércoles
2020-06-24T00:00:00Z,#FelizMiércoles
2020-06-24T00:00:00Z,#FelizMiércoles
2020-06-24T00:00:00Z,#FelizMiércoles
2020-06-24T00:00:00Z,#FelizMiércoles
2020-06-25T00:00:00Z,#FelizMiércoles
2020-06-25T00:00:00Z,#FelizJueves
2020-06-25T00:00:00Z,#FelizJueves
2020-06-25T00:00:00Z,#FelizMiércoles
2020-06-25T00:00:00Z,#FelizJueves
2020-06-25T00:00:00Z,#FelizJueves
2020-06-26T00:00:00Z,#FelizJueves
2020-06-26T00:00:00Z,#FelizJueves
2020-06-26T00:00:00Z,#FelizFinde
2020-06-26T00:00:00Z,#FelizFinde
2020-06-26T00:00:00Z,#FelizFinde
2020-06-26T00:00:00Z,#FelizFinde
2020-06-26T00:00:00Z,#FelizViernes
2020-06-26T00:00:00Z,#FelizViernes
2020-06-27T00:00:00Z,#FelizFinde
2020-06-27T00:00:00Z,#FelizSábado
2020-06-27T00:00:00Z,#FelizSábado
2020-06-27T00:00:00Z,#FelizViernes
2020-06-27T00:00:00Z,#FelizSábado
2020-06-27T00:00:00Z,#FelizSábado
2020-06-27T00:00:00Z,#FelizSábado
2020-06-27T00:00:00Z,#FelizSábado
2020-06-28T00:00:00Z,#FelizSábado
2020-06-28T00:00:00Z,#FelizDomingo
2020-06-28T00:00:00Z,#FelizDomingo
2020-06-28T00:00:00Z,#FelizDomingo
2020-06-28T00:00:00Z,#FelizDomingo
2020-06-28T00:00:00Z,#FelizDomingo
2020-06-29T00:00:00Z,#FelizLunes
2020-06-29T00:00:00Z,#FelizLunes
2020-06-29T00:00:00Z,#FelizLunes
2020-06-29T00:00:00Z,#FelizLunes
2020-06-29T00:00:00Z,#FelizLunes
2020-06-29T00:00:00Z,#FelizLunes
2020-06-29T00:00:00Z,#FelizLunes
2020-06-30T00:00:00Z,#FelizMartes
2020-06-30T00:00:00Z,#FelizMartes
2020-06-30T00:00:00Z,#FelizLunes
2020-06-30T00:00:00Z,#FelizMartes
2020-06-30T00:00:00Z,#FelizMartes
2020-07-01T00:00:00Z,#FelizMartes
2020-07-01T00:00:00Z,#FelizMiércoles
2020-07-01T00:00:00Z,#FelizMiércoles
2020-07-01T00:00:00Z,#FelizMiércoles
2020-07-01T00:00:00Z,#FelizMiércoles
2020-07-01T00:00:00Z,#FelizMiércoles
2020-07-01T00:00:00Z,#FelizMiércoles
2020-07-01T00:00:00Z,#FelizMiércoles
2020-07-01T00:00:00Z,#FelizMiércoles
2020-07-02T00:00:00Z,#FelizJueves
2020-07-02T00:00:00Z,#FelizMiércoles
2020-07-02T00:00:00Z,#FelizMiércoles
2020-07-02T00:00:00Z,#FelizJueves
2020-07-02T00:00:00Z,#FelizJueves
2020-07-02T00:00:00Z,#FelizJueves
2020-07-02T00:00:00Z,#FelizJueves
2020-07-03T00:00:00Z,#FelizFinde
2020-07-03T00:00:00Z,#FelizFinde
2020-07-03T00:00:00Z,#FelizFinde
2020-07-03T00:00:00Z,#FelizFinde
2020-07-03T00:00:00Z,#FelizFinde
2020-07-03T00:00:00Z,#FelizFinde
2020-07-04T00:00:00Z,#FelizFinde
2020-07-04T00:00:00Z,#FelizFinde
2020-07-04T00:00:00Z,#FelizSábado
2020-07-04T00:00:00Z,#FelizSábado
2020-07-04T00:00:00Z,#FelizSábado
2020-07-04T00:00:00Z,#FelizSábado
2020-07-04T00:00:00Z,#FelizSábado
2020-07-05T00:00:00Z,#FelizDomingo
2020-07-05T00:00:00Z,#FelizDomingo
2020-07-05T00:00:00Z,#FelizDomingo
2020-07-05T00:00:00Z,#FelizDomingo
2020-07-05T00:00:00Z,#FelizDomingo
2020-07-06T00:00:00Z,#FelizDomingo
2020-07-06T00:00:00Z,#FelizLunes
2020-07-06T00:00:00Z,#FelizLunes
2020-07-06T00:00:00Z,#FelizLunes
2020-07-06T00:00:00Z,#FelizLunes
2020-07-06T00:00:00Z,#FelizLunes
2020-07-07T00:00:00Z,#FelizLunes
2020-07-07T00:00:00Z,#FelizMartes
2020-07-07T00:00:00Z,#FelizLunes
2020-07-07T00:00:00Z,#FelizMartes
2020-07-07T00:00:00Z,#FelizMartes
2020-07-07T00:00:00Z,#FelizMartes
2020-07-07T00:00:00Z,#FelizMartes
2020-07-08T00:00:00Z,#FelizMiércoles
2020-07-08T00:00:00Z,#FelizMiércoles
2020-07-08T00:00:00Z,#FelizMartes
2020-07-08T00:00:00Z,#FelizMiércoles
2020-07-08T00:00:00Z,#FelizMiércoles
2020-07-08T00:00:00Z,#FelizMiércoles
2020-07-09T00:00:00Z,#FelizJueves
2020-07-09T00:00:00Z,#FelizJueves
2020-07-09T00:00:00Z,#FelizJueves
2020-07-09T00:00:00Z,#FelizJueves
2020-07-09T00:00:00Z,#FelizJueves
2020-07-09T00:00:00Z,#FelizJueves
2020-07-09T00:00:00Z,#FelizJueves
2020-07-09T00:00:00Z,#FelizJueves
2020-07-09T00:00:00Z,#FelizJueves
2020-07-09T00:00:00Z,#FelizJueves
2020-07-09T00:00:00Z,#FelizJueves
2020-07-09T00:00:00Z,#FelizJueves
2020-07-10T00:00:00Z,#FelizJueves
2020-07-10T00:00:00Z,#FelizJueves
2020-07-10T00:00:00Z,#FelizJueves
2020-07-10T00:00:00Z,#FelizFinde
2020-07-10T00:00:00Z,#FelizJueves
2020-07-10T00:00:00Z,#FelizFinde
2020-07-10T00:00:00Z,#FelizFinde
2020-07-10T00:00:00Z,#FelizFinde
2020-07-10T00:00:00Z,#FelizFinde
2020-07-10T00:00:00Z,#FelizFinde
2020-07-11T00:00:00Z,#FelizFinde
2020-07-11T00:00:00Z,#FelizFinde
2020-07-11T00:00:00Z,#FelizSábado
2020-07-11T00:00:00Z,#FelizSábado
2020-07-11T00:00:00Z,#FelizSábado
2020-07-11T00:00:00Z,#FelizSábado
2020-07-11T00:00:00Z,#FelizSábado
2020-07-11T00:00:00Z,#FelizSábado
2020-07-11T00:00:00Z,#FelizSábado
2020-07-12T00:00:00Z,#FelizSábado
2020-07-12T00:00:00Z,#FelizSábado
2020-07-12T00:00:00Z,#FelizSábado
2020-07-12T00:00:00Z,#FelizSábado
2020-07-12T00:00:00Z,#FelizSábado
2020-07-12T00:00:00Z,#FelizSábado
2020-07-12T00:00:00Z,#FelizDomingo
2020-07-12T00:00:00Z,#FelizDomingo
2020-07-12T00:00:00Z,#FelizDomingo
2020-07-13T00:00:00Z,#FelizLunes
2020-07-13T00:00:00Z,#FelizLunes
2020-07-13T00:00:00Z,#FelizLunes
2020-07-13T00:00:00Z,#FelizLunes
2020-07-13T00:00:00Z,#FelizLunes
2020-07-13T00:00:00Z,#FelizLunes
2020-07-14T00:00:00Z,#FelizLunes
2020-07-14T00:00:00Z,#FelizMartes
2020-07-14T00:00:00Z,#FelizMartes
2020-07-14T00:00:00Z,#FelizMartes
2020-07-14T00:00:00Z,#FelizMartes
2020-07-14T00:00:00Z,#FelizMartes
2020-07-14T00:00:00Z,#FelizMartes
2020-07-15T00:00:00Z,#FelizMartes
2020-07-15T00:00:00Z,#FelizMiércoles
2020-07-15T00:00:00Z,#FelizMiércoles
2020-07-15T00:00:00Z,#FelizMiércoles
2020-07-15T00:00:00Z,#FelizMiércoles
2020-07-15T00:00:00Z,#FelizMiércoles
2020-07-15T00:00:00Z,#FelizMiércoles
2020-07-15T00:00:00Z,#FelizMiércoles
2020-07-16T00:00:00Z,#FelizJueves
2020-07-16T00:00:00Z,#FelizJueves
2020-07-16T00:00:00Z,#FelizJueves
2020-07-16T00:00:00Z,#FelizJueves
2020-07-16T00:00:00Z,#FelizJueves
2020-07-17T00:00:00Z,#FelizJueves
2020-07-17T00:00:00Z,#FelizFinde
2020-07-17T00:00:00Z,#FelizFinde
2020-07-17T00:00:00Z,#FelizViernes
2020-07-17T00:00:00Z,#FelizFinde
2020-07-17T00:00:00Z,#FelizFinde
2020-07-17T00:00:00Z,#FelizViernes
2020-07-17T00:00:00Z,#FelizViernes
2020-07-18T00:00:00Z,#FelizFinde
2020-07-18T00:00:00Z,#FelizViernes
2020-07-18T00:00:00Z,#FelizViernes
2020-07-18T00:00:00Z,#FelizSábado
2020-07-18T00:00:00Z,#FelizViernes
2020-07-18T00:00:00Z,#FelizSábado
2020-07-18T00:00:00Z,#FelizSábado
2020-07-19T00:00:00Z,#FelizDomingo
2020-07-19T00:00:00Z,#FelizDomingo
2020-07-19T00:00:00Z,#FelizDomingo
2020-07-19T00:00:00Z,#FelizDomingo
2020-07-20T00:00:00Z,#FelizDomingo
2020-07-20T00:00:00Z,#FelizLunes
2020-07-20T00:00:00Z,#FelizLunes
2020-07-20T00:00:00Z,#FelizLunes
2020-07-20T00:00:00Z,#FelizLunes
2020-07-20T00:00:00Z,#FelizLunes
2020-07-21T00:00:00Z,#FelizLunes
2020-07-21T00:00:00Z,#FelizMartes
2020-07-21T00:00:00Z,#FelizMartes
2020-07-21T00:00:00Z,#FelizLunes
2020-07-21T00:00:00Z,#FelizMartes
2020-07-21T00:00:00Z,#FelizMartes
2020-07-21T00:00:00Z,#FelizMartes
2020-07-21T00:00:00Z,#FelizMartes
2020-07-22T00:00:00Z,#FelizMartes
2020-07-22T00:00:00Z,#FelizMiércoles
2020-07-22T00:00:00Z,#FelizMiércoles
2020-07-22T00:00:00Z,#FelizMiércoles
2020-07-22T00:00:00Z,#FelizMiércoles
2020-07-22T00:00:00Z,#FelizMiércoles
2020-07-22T00:00:00Z,#FelizMiércoles
2020-07-22T00:00:00Z,#FelizMiércoles
2020-07-22T00:00:00Z,#FelizMiércoles
2020-07-23T00:00:00Z,#FelizMiércoles
2020-07-23T00:00:00Z,#FelizJueves
2020-07-23T00:00:00Z,#FelizMiércoles
2020-07-23T00:00:00Z,#FelizMiércoles
2020-07-23T00:00:00Z,#FelizJueves
2020-07-23T00:00:00Z,#FelizMiércoles
2020-07-23T00:00:00Z,#FelizJueves
2020-07-23T00:00:00Z,#FelizJueves
2020-07-23T00:00:00Z,#FelizJueves
2020-07-24T00:00:00Z,#FelizFinde
2020-07-24T00:00:00Z,#FelizFinde
2020-07-24T00:00:00Z,#FelizFinde
2020-07-24T00:00:00Z,#FelizFinde
2020-07-24T00:00:00Z,#FelizViernes
2020-07-24T00:00:00Z,#FelizFinde
2020-07-24T00:00:00Z,#FelizFinde
2020-07-25T00:00:00Z,#FelizFinde
2020-07-25T00:00:00Z,#FelizFinde
2020-07-25T00:00:00Z,#FelizSábado
2020-07-25T00:00:00Z,#FelizSábado
2020-07-25T00:00:00Z,#FelizSábado
2020-07-25T00:00:00Z,#FelizSábado
2020-07-25T00:00:00Z,#FelizSábado
2020-07-25T00:00:00Z,#FelizSábado
2020-07-25T00:00:00Z,#FelizSábado
2020-07-26T00:00:00Z,#FelizSábado
2020-07-26T00:00:00Z,#FelizDomingo
2020-07-26T00:00:00Z,#FelizDomingo
2020-07-26T00:00:00Z,#FelizDomingo
2020-07-26T00:00:00Z,#FelizDomingo
2020-07-27T00:00:00Z,#FelizDomingo
2020-07-27T00:00:00Z,#FelizLunes
2020-07-27T00:00:00Z,#FelizLunes
2020-07-27T00:00:00Z,#FelizLunes
2020-07-27T00:00:00Z,#FelizLunes
2020-07-27T00:00:00Z,#FelizLunes
2020-07-27T00:00:00Z,#FelizLunes
2020-07-28T00:00:00Z,#FelizLunes
2020-07-28T00:00:00Z,#FelizLunes
2020-07-28T00:00:00Z,#FelizMartes
2020-07-28T00:00:00Z,#FelizMartes
2020-07-28T00:00:00Z,#FelizMartes
2020-07-28T00:00:00Z,#FelizMartes
2020-07-28T00:00:00Z,#FelizMartes
2020-06-04T00:00:00Z,#FelizJueves
2020-06-04T00:00:00Z,#FelizJueves
2020-06-04T00:00:00Z,#FelizJueves
2020-06-04T00:00:00Z,#FelizJueves
2020-06-04T00:00:00Z,#FelizJueves
2020-06-04T00:00:00Z,#FelizJueves
2020-06-05T00:00:00Z,#FelizFinde
2020-06-05T00:00:00Z,#FelizFinde
2020-06-05T00:00:00Z,#FelizFinde
2020-06-05T00:00:00Z,#FelizFinde
2020-06-05T00:00:00Z,#FelizJueves
2020-06-05T00:00:00Z,#FelizFinde
2020-06-05T00:00:00Z,#FelizViernes
2020-06-05T00:00:00Z,#FelizFinde
2020-06-05T00:00:00Z,#FelizFinde
2020-06-05T00:00:00Z,#FelizFinde
2020-06-06T00:00:00Z,#FelizFinde
2020-06-06T00:00:00Z,#FelizFinde
2020-06-06T00:00:00Z,#FelizFinde
2020-06-06T00:00:00Z,#FelizFinde
2020-06-06T00:00:00Z,#FelizSábado
2020-06-06T00:00:00Z,#FelizSábado
2020-06-06T00:00:00Z,#FelizSábado
2020-06-06T00:00:00Z,#FelizSábado
2020-06-06T00:00:00Z,#FelizSábado
2020-06-06T00:00:00Z,#FelizSábado
2020-06-06T00:00:00Z,#FelizSábado
2020-06-06T00:00:00Z,#FelizSábado
2020-06-06T00:00:00Z,#FelizSábado
2020-06-07T00:00:00Z,#FelizSábado
2020-06-07T00:00:00Z,#FelizDomingo
2020-06-07T00:00:00Z,#FelizDomingo
2020-06-07T00:00:00Z,#FelizSábado
2020-06-07T00:00:00Z,#FelizSábado
2020-06-07T00:00:00Z,#FelizSábado
2020-06-07T00:00:00Z,#FelizSábado
2020-06-07T00:00:00Z,#FelizDomingo
2020-06-07T00:00:00Z,#FelizDomingo
2020-06-07T00:00:00Z,#FelizDomingo
2020-06-08T00:00:00Z,#FelizLunes
2020-06-08T00:00:00Z,#FelizLunes
2020-06-08T00:00:00Z,#FelizLunes
2020-06-08T00:00:00Z,#FelizLunes
2020-06-08T00:00:00Z,#FelizLunes
2020-06-08T00:00:00Z,#FelizLunes
2020-06-09T00:00:00Z,#FelizMartes
2020-06-09T00:00:00Z,#FelizMartes
2020-06-09T00:00:00Z,#FelizMartes
2020-06-09T00:00:00Z,#FelizMartes
2020-06-10T00:00:00Z,#FelizMartes
2020-06-10T00:00:00Z,#FelizMartes
2020-06-10T00:00:00Z,#FelizMartes
2020-06-10T00:00:00Z,#FelizMiércoles
2020-06-10T00:00:00Z,#FelizMartes
2020-06-10T00:00:00Z,#FelizMiércoles
2020-06-10T00:00:00Z,#FelizMiércoles
2020-06-10T00:00:00Z,#FelizMiércoles
2020-06-11T00:00:00Z,#FelizJueves
2020-06-11T00:00:00Z,#FelizMiércoles
2020-06-11T00:00:00Z,#FelizMiércoles
2020-06-11T00:00:00Z,#FelizMiércoles
2020-06-11T00:00:00Z,#FelizJueves
2020-06-12T00:00:00Z,#FelizFinde
2020-06-12T00:00:00Z,#FelizJueves
2020-06-12T00:00:00Z,#FelizJueves
2020-06-12T00:00:00Z,#FelizFinde
2020-06-12T00:00:00Z,#FelizFinde
2020-06-12T00:00:00Z,#FelizFinde
2020-06-12T00:00:00Z,#FelizViernes
2020-06-13T00:00:00Z,#FelizSábado
2020-06-13T00:00:00Z,#FelizSábado
2020-06-13T00:00:00Z,#FelizSábado
2020-06-13T00:00:00Z,#FelizSábado
2020-06-14T00:00:00Z,#FelizDomingo
2020-06-14T00:00:00Z,#FelizSábado
2020-06-14T00:00:00Z,#FelizDomingo
2020-06-14T00:00:00Z,#FelizDomingo
2020-06-15T00:00:00Z,#FelizDomingo
2020-06-15T00:00:00Z,#FelizDomingo
2020-06-15T00:00:00Z,#FelizDomingo
2020-06-15T00:00:00Z,#FelizLunes
2020-06-15T00:00:00Z,#FelizLunes
2020-06-15T00:00:00Z,#FelizLunes
2020-06-15T00:00:00Z,#FelizLunes
2020-06-16T00:00:00Z,#FelizMartes
2020-06-16T00:00:00Z,#FelizMartes
2020-06-16T00:00:00Z,#FelizMartes
2020-06-16T00:00:00Z,#FelizMartes
2020-06-16T00:00:00Z,#FelizMartes
2020-06-16T00:00:00Z,#FelizLunes
2020-06-16T00:00:00Z,#FelizLunes
2020-06-16T00:00:00Z,#FelizMartes
2020-06-17T00:00:00Z,#FelizMartes
2020-06-17T00:00:00Z,#FelizMartes
2020-06-17T00:00:00Z,#FelizMiércoles
2020-06-17T00:00:00Z,#FelizMartes
2020-06-17T00:00:00Z,#FelizMartes
2020-06-17T00:00:00Z,#FelizMiércoles
2020-06-17T00:00:00Z,#FelizMiércoles
2020-06-18T00:00:00Z,#FelizJueves
2020-06-18T00:00:00Z,#FelizJueves
2020-06-18T00:00:00Z,#FelizJueves
2020-06-18T00:00:00Z,#FelizJueves
2020-06-18T00:00:00Z,#FelizJueves
2020-06-18T00:00:00Z,#FelizJueves
2020-06-19T00:00:00Z,#FelizFinde
2020-06-19T00:00:00Z,#FelizFinde
2020-06-19T00:00:00Z,#FelizFinde
2020-06-19T00:00:00Z,#FelizFinde
2020-06-19T00:00:00Z,#FelizFinde
2020-06-20T00:00:00Z,#FelizFinde
2020-06-20T00:00:00Z,#FelizFinde
2020-06-20T00:00:00Z,#FelizSábado
2020-06-20T00:00:00Z,#FelizSábado
2020-06-20T00:00:00Z,#FelizSábado
2020-06-20T00:00:00Z,#FelizSábado
2020-06-21T00:00:00Z,#FelizDomingo
2020-06-21T00:00:00Z,#FelizDomingo
2020-06-21T00:00:00Z,#FelizDomingo
2020-06-21T00:00:00Z,#FelizDomingo
2020-06-21T00:00:00Z,#FelizDomingo
2020-06-22T00:00:00Z,#FelizDomingo
2020-06-22T00:00:00Z,#FelizDomingo
2020-06-22T00:00:00Z,#FelizLunes
2020-06-22T00:00:00Z,#FelizDomingo
2020-06-22T00:00:00Z,#FelizLunes
2020-06-22T00:00:00Z,#FelizLunes
2020-06-22T00:00:00Z,#FelizLunes
2020-06-22T00:00:00Z,#FelizLunes
2020-06-23T00:00:00Z,#FelizMartes
2020-06-23T00:00:00Z,#FelizMartes
2020-06-23T00:00:00Z,#FelizMartes
2020-06-23T00:00:00Z,#FelizMartes
2020-06-23T00:00:00Z,#FelizMartes
2020-06-23T00:00:00Z,#FelizMartes
2020-06-23T00:00:00Z,#FelizMartes
2020-06-24T00:00:00Z,#FelizMartes
2020-06-24T00:00:00Z,#FelizMiércoles
2020-06-24T00:00:00Z,#FelizMiércoles
2020-06-24T00:00:00Z,#FelizMiércoles
2020-06-24T00:00:00Z,#FelizMiércoles
2020-06-25T00:00:00Z,#FelizMiércoles
2020-06-25T00:00:00Z,#FelizMiércoles
2020-06-25T00:00:00Z,#FelizJueves
2020-06-25T00:00:00Z,#FelizMiércoles
2020-06-25T00:00:00Z,#FelizJueves
2020-06-25T00:00:00Z,#FelizJueves
2020-06-25T00:00:00Z,#FelizJueves
2020-06-25T00:00:00Z,#FelizJueves
2020-06-25T00:00:00Z,#FelizJueves
2020-06-25T00:00:00Z,#FelizJueves
2020-06-25T00:00:00Z,#FelizJueves
2020-06-26T00:00:00Z,#FelizJueves
2020-06-26T00:00:00Z,#FelizFinde
2020-06-26T00:00:00Z,#FelizFinde
2020-06-26T00:00:00Z,#FelizFinde
2020-06-26T00:00:00Z,#FelizFinde
2020-06-26T00:00:00Z,#FelizFinde
2020-06-26T00:00:00Z,#FelizFinde
2020-06-27T00:00:00Z,#FelizFinde
2020-06-27T00:00:00Z,#FelizSábado
2020-06-27T00:00:00Z,#FelizSábado
2020-06-27T00:00:00Z,#FelizSábado
2020-06-27T00:00:00Z,#FelizSábado
2020-06-27T00:00:00Z,#FelizSábado
2020-06-27T00:00:00Z,#FelizSábado
2020-06-28T00:00:00Z,#FelizSábado
2020-06-28T00:00:00Z,#FelizDomingo
2020-06-28T00:00:00Z,#FelizDomingo
2020-06-28T00:00:00Z,#FelizDomingo
2020-06-28T00:00:00Z,#FelizDomingo
2020-06-29T00:00:00Z,#FelizLunes
2020-06-29T00:00:00Z,#FelizLunes
2020-06-29T00:00:00Z,#FelizLunes
2020-06-29T00:00:00Z,#FelizLunes
2020-06-29T00:00:00Z,#FelizLunes
2020-06-29T00:00:00Z,#FelizLunes
2020-06-30T00:00:00Z,#FelizMartes
2020-06-30T00:00:00Z,#FelizMartes
2020-06-30T00:00:00Z,#FelizMartes
2020-06-30T00:00:00Z,#FelizMartes
2020-06-30T00:00:00Z,#FelizMartes
2020-06-30T00:00:00Z,#FelizMartes
2020-07-01T00:00:00Z,#FelizMartes
2020-07-01T00:00:00Z,#FelizMartes
2020-07-01T00:00:00Z,#FelizMartes
2020-07-01T00:00:00Z,#FelizMartes
2020-07-01T00:00:00Z,#FelizMiércoles
2020-07-01T00:00:00Z,#FelizMiércoles
2020-07-02T00:00:00Z,#FelizJueves
2020-07-02T00:00:00Z,#FelizJueves
2020-07-02T00:00:00Z,#FelizJueves
2020-07-02T00:00:00Z,#FelizJueves
2020-07-02T00:00:00Z,#FelizJueves
2020-07-02T00:00:00Z,#FelizJueves
2020-07-03T00:00:00Z,#FelizJueves
2020-07-03T00:00:00Z,#FelizFinde
2020-07-03T00:00:00Z,#FelizFinde
2020-07-03T00:00:00Z,#FelizFinde
2020-07-03T00:00:00Z,#FelizFinde
2020-07-03T00:00:00Z,#FelizFinde
2020-07-03T00:00:00Z,#FelizFinde
2020-07-04T00:00:00Z,#FelizFinde
2020-07-04T00:00:00Z,#FelizFinde
2020-07-04T00:00:00Z,#FelizSábado
2020-07-04T00:00:00Z,#FelizSábado
2020-07-04T00:00:00Z,#FelizSábado
2020-07-04T00:00:00Z,#FelizSábado
2020-07-05T00:00:00Z,#FelizDomingo
2020-07-05T00:00:00Z,#FelizDomingo
2020-07-05T00:00:00Z,#FelizDomingo
2020-07-05T00:00:00Z,#FelizDomingo
2020-07-06T00:00:00Z,#FelizDomingo
2020-07-06T00:00:00Z,#FelizLunes
2020-07-06T00:00:00Z,#FelizLunes
2020-07-06T00:00:00Z,#FelizLunes
2020-07-06T00:00:00Z,#FelizLunes
2020-07-06T00:00:00Z,#FelizLunes
2020-07-07T00:00:00Z,#FelizMartes
2020-07-07T00:00:00Z,#FelizMartes
2020-07-07T00:00:00Z,#FelizMartes
2020-07-07T00:00:00Z,#FelizMartes
2020-07-07T00:00:00Z,#FelizMartes
2020-07-07T00:00:00Z,#FelizMartes
2020-07-08T00:00:00Z,#FelizMartes
2020-07-08T00:00:00Z,#FelizMartes
2020-07-08T00:00:00Z,#FelizMiércoles
2020-07-08T00:00:00Z,#FelizMiércoles
2020-07-08T00:00:00Z,#FelizMiércoles
2020-07-08T00:00:00Z,#FelizMiércoles
2020-07-08T00:00:00Z,#FelizMiércoles
2020-07-09T00:00:00Z,#FelizMiércoles
2020-07-09T00:00:00Z,#FelizJueves
2020-07-09T00:00:00Z,#FelizMiércoles
2020-07-10T00:00:00Z,#FelizJueves
2020-07-10T00:00:00Z,#FelizJueves
2020-07-10T00:00:00Z,#FelizFinde
2020-07-10T00:00:00Z,#FelizFinde
2020-07-10T00:00:00Z,#FelizFinde
2020-07-10T00:00:00Z,#FelizFinde
2020-07-10T00:00:00Z,#FelizFinde
2020-07-10T00:00:00Z,#FelizFinde
2020-07-11T00:00:00Z,#FelizFinde
2020-07-11T00:00:00Z,#FelizFinde
2020-07-11T00:00:00Z,#FelizFinde
2020-07-11T00:00:00Z,#FelizSábado
2020-07-11T00:00:00Z,#FelizSábado
2020-07-11T00:00:00Z,#FelizSábado
2020-07-11T00:00:00Z,#FelizSábado
2020-07-11T00:00:00Z,#FelizSábado
2020-07-12T00:00:00Z,#FelizSábado
2020-07-12T00:00:00Z,#FelizDomingo
2020-07-12T00:00:00Z,#FelizDomingo
2020-07-12T00:00:00Z,#FelizDomingo
2020-07-12T00:00:00Z,#FelizDomingo
2020-07-12T00:00:00Z,#FelizDomingo
2020-07-12T00:00:00Z,#FelizDomingo
2020-07-12T00:00:00Z,#FelizDomingo
2020-07-12T00:00:00Z,#FelizDomingo
2020-07-13T00:00:00Z,#FelizLunes
2020-07-13T00:00:00Z,#FelizLunes
2020-07-13T00:00:00Z,#FelizLunes
2020-07-13T00:00:00Z,#FelizLunes
2020-07-13T00:00:00Z,#FelizLunes
2020-07-13T00:00:00Z,#FelizLunes
2020-07-14T00:00:00Z,#FelizLunes
2020-07-14T00:00:00Z,#FelizLunes
2020-07-14T00:00:00Z,#FelizMartes
2020-07-14T00:00:00Z,#FelizMartes
2020-07-14T00:00:00Z,#FelizMartes
2020-07-14T00:00:00Z,#FelizMartes
2020-07-14T00:00:00Z,#FelizMartes
2020-07-14T00:00:00Z,#FelizMartes
2020-07-15T00:00:00Z,#FelizMartes
2020-07-15T00:00:00Z,#FelizMiércoles
2020-07-15T00:00:00Z,#FelizMiércoles
2020-07-15T00:00:00Z,#FelizMiércoles
2020-07-15T00:00:00Z,#FelizMiércoles
2020-07-15T00:00:00Z,#FelizMiércoles
2020-07-15T00:00:00Z,#FelizMiércoles
2020-07-16T00:00:00Z,#FelizMiércoles
2020-07-16T00:00:00Z,#FelizJueves
2020-07-16T00:00:00Z,#FelizJueves
2020-07-16T00:00:00Z,#FelizJueves
2020-07-16T00:00:00Z,#FelizJueves
2020-07-16T00:00:00Z,#FelizJueves
2020-07-16T00:00:00Z,#FelizJueves
2020-07-17T00:00:00Z,#FelizJueves
2020-07-17T00:00:00Z,#FelizFinde
2020-07-17T00:00:00Z,#FelizFinde
2020-07-17T00:00:00Z,#FelizFinde
2020-07-17T00:00:00Z,#FelizFinde
2020-07-17T00:00:00Z,#FelizFinde
2020-07-18T00:00:00Z,#FelizFinde
2020-07-18T00:00:00Z,#FelizFinde
2020-07-18T00:00:00Z,#FelizSábado
2020-07-18T00:00:00Z,#FelizViernes
2020-07-18T00:00:00Z,#FelizSábado
2020-07-18T00:00:00Z,#FelizViernes
2020-07-18T00:00:00Z,#FelizSábado
2020-07-18T00:00:00Z,#FelizSábado
2020-07-18T00:00:00Z,#FelizSábado
2020-07-18T00:00:00Z,#FelizSábado
2020-07-18T00:00:00Z,#FelizSábado
2020-07-18T00:00:00Z,#FelizSábado
2020-07-19T00:00:00Z,#FelizSábado
2020-07-19T00:00:00Z,#FelizSábado
2020-07-19T00:00:00Z,#FelizSábado
2020-07-19T00:00:00Z,#FelizDomingo
2020-07-19T00:00:00Z,#FelizDomingo
2020-07-19T00:00:00Z,#FelizDomingo
2020-07-19T00:00:00Z,#FelizDomingo
2020-07-19T00:00:00Z,#FelizDomingo
2020-07-19T00:00:00Z,#FelizDomingo
2020-07-20T00:00:00Z,#FelizDomingo
2020-07-20T00:00:00Z,#FelizLunes
2020-07-20T00:00:00Z,#FelizDomingo
2020-07-20T00:00:00Z,#FelizLunes
2020-07-20T00:00:00Z,#FelizLunes
2020-07-20T00:00:00Z,#FelizLunes
2020-07-20T00:00:00Z,#FelizLunes
2020-07-20T00:00:00Z,#FelizLunes
2020-07-21T00:00:00Z,#FelizLunes
2020-07-21T00:00:00Z,#FelizMartes
2020-07-21T00:00:00Z,#FelizMartes
2020-07-21T00:00:00Z,#FelizMartes
2020-07-21T00:00:00Z,#FelizLunes
2020-07-21T00:00:00Z,#FelizMartes
2020-07-21T00:00:00Z,#FelizMartes
2020-07-21T00:00:00Z,#FelizMartes
2020-07-22T00:00:00Z,#FelizMartes
2020-07-22T00:00:00Z,#FelizMartes
2020-07-22T00:00:00Z,#FelizMartes
2020-07-22T00:00:00Z,#FelizMartes
2020-07-22T00:00:00Z,#FelizMartes
2020-07-22T00:00:00Z,#FelizMartes
2020-07-22T00:00:00Z,#FelizMiércoles
2020-07-22T00:00:00Z,#FelizMiércoles
2020-07-22T00:00:00Z,#FelizMiércoles
2020-07-23T00:00:00Z,#FelizJueves
2020-07-23T00:00:00Z,#FelizMiércoles
2020-07-23T00:00:00Z,#FelizJueves
2020-07-23T00:00:00Z,#FelizJueves
2020-07-23T00:00:00Z,#FelizJueves
2020-07-23T00:00:00Z,#FelizJueves
2020-07-23T00:00:00Z,#FelizJueves
2020-07-24T00:00:00Z,#FelizFinde
2020-07-24T00:00:00Z,#FelizFinde
2020-07-24T00:00:00Z,#FelizFinde
2020-07-24T00:00:00Z,#FelizFinde
2020-07-24T00:00:00Z,#FelizFinde
2020-07-24T00:00:00Z,#FelizViernes
2020-07-24T00:00:00Z,#FelizFinde
2020-07-25T00:00:00Z,#FelizFinde
2020-07-25T00:00:00Z,#FelizFinde
2020-07-25T00:00:00Z,#FelizSábado
2020-07-25T00:00:00Z,#FelizSábado
2020-07-25T00:00:00Z,#FelizSábado
2020-07-25T00:00:00Z,#FelizSábado
2020-07-25T00:00:00Z,#FelizSábado
2020-07-25T00:00:00Z,#FelizSábado
2020-07-26T00:00:00Z,#FelizSábado
2020-07-26T00:00:00Z,#FelizSábado
2020-07-26T00:00:00Z,#FelizSábado
2020-07-26T00:00:00Z,#FelizSábado
2020-07-26T00:00:00Z,#FelizSábado
2020-07-26T00:00:00Z,#FelizDomingo
2020-07-26T00:00:00Z,#FelizDomingo
2020-07-26T00:00:00Z,#FelizDomingo
2020-07-26T00:00:00Z,#FelizDomingo
2020-07-27T00:00:00Z,#FelizDomingo
2020-07-27T00:00:00Z,#FelizLunes
2020-07-27T00:00:00Z,#FelizLunes
2020-07-27T00:00:00Z,#FelizLunes
2020-07-27T00:00:00Z,#FelizDomingo
2020-07-27T00:00:00Z,#FelizLunes
2020-07-27T00:00:00Z,#FelizLunes
2020-07-28T00:00:00Z,#FelizLunes
2020-07-28T00:00:00Z,#FelizMartes
2020-07-28T00:00:00Z,#FelizMartes
2020-07-28T00:00:00Z,#FelizMartes
2020-07-28T00:00:00Z,#FelizMartes
2020-07-28T00:00:00Z,#FelizMartes
2020-07-28T00:00:00Z,#FelizMartes
2020-07-29T00:00:00Z,#FelizMartes
2020-07-29T00:00:00Z,#FelizMiércoles
2020-07-29T00:00:00Z,#FelizMiércoles
2020-07-29T00:00:00Z,#FelizMiércoles
